<?xml version="1.0" encoding="UTF-8"?>

<!DOCTYPE mapper
    PUBLIC "-//mybatis.org//DTD Mapper 3.0//EN"
    "https://mybatis.org/dtd/mybatis-3-mapper.dtd">
    
<mapper namespace="com.tech.ibara.main.dao.MainSearchDao">
	<resultMap type="com.tech.ibara.main.dto.BizSearchDto" id="biz_temp">
		<result column="BIZ_NO" property="biz_no" />
		<result column="BIZ_NAME" property="biz_name" />
		<result column="BIZ_ADDR" property="biz_addr" />
		<result column="BIZ_IMG" property="biz_img" />
	</resultMap>
	<resultMap type="com.tech.ibara.main.dto.ShopSearchDto" id="shop_temp">
		<result column="SHOP_NO" property="shop_no" />
		<result column="SHOP_NAME" property="shop_name" />
		<result column="SHOP_PRICE" property="shop_price" />
		<result column="SHOP_IMG" property="shop_img" />
	</resultMap>
	<resultMap type="com.tech.ibara.main.dto.OHSearchDto" id="oh_temp">
		<result column="OH_NO" property="oh_no" />
		<result column="OH_NAME" property="oh_name" />
		<result column="OH_CONTNET" property="oh_content" />
		<result column="OH_IMG" property="oh_img" />
	</resultMap>
	<resultMap type="com.tech.ibara.main.dto.NoticeSearchDto" id="notice_temp">
		<result column="NOTICE_NO" property="notice_no" />
		<result column="NOTICE_TITLE" property="notice_title" />
		<result column="NOTICE_WRITER" property="notice_writer" />
		<result column="NOTICE_HIT" property="notice_hit" />
		<result column="NOTICE_DATE" property="notice_date" />
	</resultMap>
	<resultMap type="com.tech.ibara.main.dto.QnASearchDto" id="qna_temp">
		<result column="QNA_NO" property="qna_no" />
		<result column="QNA_TITLE" property="qna_title" />
		<result column="QNA_WRITER" property="qna_writer" />
		<result column="QNA_HIT" property="qna_hit" />
		<result column="QNA_DATE" property="qna_date" />
	</resultMap>
	<select id="bizSearchContent" resultType="com.tech.ibara.main.dto.BizSearchDto" resultMap="biz_temp">
        SELECT 
            CASE
                WHEN EXISTS (
                    SELECT BIZ_NAME
                    FROM BIZ_TEMP
                    WHERE BIZ_NAME LIKE '%' || #{param1} || '%'
                )
                THEN BIZ_NAME
                ELSE '0'
            END AS BIZ_NAME,
            CASE
                WHEN EXISTS (
                    SELECT BIZ_ADDR
                    FROM BIZ_TEMP
                    WHERE BIZ_ADDR LIKE '%' || #{param1} || '%'
                )
                THEN BIZ_ADDR
                ELSE '0'
            END AS BIZ_ADDR
        FROM BIZ_TEMP
	</select>
	<select id="shopSearchContent" resultType="com.tech.ibara.main.dto.ShopSearchDto" resultMap="shop_temp">
        SELECT 
            CASE
                WHEN EXISTS (
                    SELECT SHOP_NAME
                    FROM SHOP_TEMP
                    WHERE SHOP_NAME LIKE '%' || #{param1} || '%'
                )
                THEN SHOP_NAME
                ELSE '0'
            END AS SHOP_NAME
        FROM SHOP_TEMP
	</select>
	<select id="ohSearchContent" resultType="com.tech.ibara.main.dto.OHSearchDto" resultMap="oh_temp">
        SELECT 
            CASE
                WHEN EXISTS (
                    SELECT OH_NAME
                    FROM OH_TEMP
                    WHERE OH_NAME LIKE '%' || #{param1} || '%'
                )
                THEN OH_NAME
                ELSE '0'
            END AS OH_NAME,
            CASE
                WHEN EXISTS (
                    SELECT OH_CONTENT
                    FROM OH_TEMP
                    WHERE OH_CONTENT LIKE '%' || #{param1} || '%'
                )
                THEN OH_CONTENT
                ELSE '0'
            END AS OH_CONTENT
        FROM OH_TEMP
	</select>
	<select id="noticeSearchContent" resultType="com.tech.ibara.main.dto.NoticeSearchDto" resultMap="notice_temp">
        SELECT 
            CASE
                WHEN EXISTS (
                    SELECT NOTICE_TITLE
                    FROM NOTICE_TEMP
                    WHERE NOTICE_TITLE LIKE '%' || #{param1} || '%'
                )
                THEN NOTICE_TITLE
                ELSE '0'
            END AS NOTICE_TITLE,
            CASE
                WHEN EXISTS (
                    SELECT NOTICE_WRITER
                    FROM NOTICE_TEMP
                    WHERE NOTICE_WRITER LIKE '%' || #{param1} || '%'
                )
                THEN NOTICE_WRITER
                ELSE '0'
            END AS NOTICE_WRITER
        FROM NOTICE_TEMP
	</select>
	<select id="qnaSearchContent" resultType="com.tech.ibara.main.dto.QnASearchDto" resultMap="qna_temp">
        SELECT 
            CASE
                WHEN EXISTS (
                    SELECT QNA_TITLE
                    FROM QNA_TEMP
                    WHERE QNA_TITLE LIKE '%' || #{param1} || '%'
                )
                THEN QNA_TITLE
                ELSE '0'
            END AS QNA_TITLE,
            CASE
                WHEN EXISTS (
                    SELECT QNA_WRITER
                    FROM QNA_TEMP
                    WHERE QNA_WRITER LIKE '%' || #{param1} || '%'
                )
                THEN QNA_WRITER
                ELSE '0'
            END AS QNA_WRITER
        FROM QNA_TEMP
	</select>

</mapper>
