<?xml version="1.0" encoding="UTF-8"?>

<!DOCTYPE mapper
    PUBLIC "-//mybatis.org//DTD Mapper 3.0//EN"
    "https://mybatis.org/dtd/mybatis-3-mapper.dtd">

<mapper namespace="com.tech.ibara.shop.dao.ShopDao">

	<select id="selectProductsByCategory" resultType="com.tech.ibara.shop.dto.ProductDto">
		SELECT
			PRODUCT_ID, CATEGORY_ID, OPTION_SET_ID, NAME
		FROM
			SHOP_PRODUCT
		WHERE
			CATEGORY_ID = #{param1}
		ORDER BY
			PRODUCT_ID
	</select>
	
	<select id="selectProductsByCategories" resultType="com.tech.ibara.shop.dto.ProductDto">
		SELECT
			PRODUCT_ID, CATEGORY_ID, OPTION_SET_ID, NAME
		FROM
			SHOP_PRODUCT
		WHERE
			CATEGORY_ID IN
			<foreach item="item" index="index" collection="list" open="(" separator="," close=")">
				#{item.category_id}
			</foreach>
		ORDER BY
			PRODUCT_ID	
	</select>
	
	<select id="selectSubCategoriesById" resultType="com.tech.ibara.shop.dto.CategoryDto">
		SELECT
			CATEGORY_ID, UP_CATEGORY_ID, NAME
		FROM
			SHOP_CATEGORY
		WHERE
			UP_CATEGORY_ID = #{param1}
	</select>
	
	<select id="selectUpCategoryById" resultType="com.tech.ibara.shop.dto.CategoryDto">
		SELECT
			CATEGORY_ID, UP_CATEGORY_ID, NAME
		FROM
			SHOP_CATEGORY
		WHERE
			CATEGORY_ID = #{param1}
	</select>
	
	<select id="selectCategoryById" resultType="com.tech.ibara.shop.dto.CategoryDto">
		SELECT
			CATEGORY_ID, UP_CATEGORY_ID, NAME
		FROM
			SHOP_CATEGORY
		WHERE
			CATEGORY_ID = #{param1}
	</select>
	
	<select id="selectAllSubCategoriesById" resultType="com.tech.ibara.shop.dto.CategoryDto">
		SELECT
		    NVL(S4.CATEGORY_ID, NVL(S3.CATEGORY_ID, S2.CATEGORY_ID)) CATEGORY_ID,
		    NVL(S4.UP_CATEGORY_ID, NVL(S3.UP_CATEGORY_ID, S2.UP_CATEGORY_ID)) UP_CATEGORY_ID,
		    NVL(S4.NAME, NVL(S3.NAME, S2.NAME)) NAME
		FROM
		    SHOP_CATEGORY S1
		INNER JOIN
		    SHOP_CATEGORY S2
		ON
		    S1.CATEGORY_ID = S2.UP_CATEGORY_ID
		LEFT OUTER JOIN
		    SHOP_CATEGORY S3
		ON
		    S2.CATEGORY_ID = S3.UP_CATEGORY_ID    
		LEFT OUTER JOIN
		    SHOP_CATEGORY S4
		ON
		    S3.CATEGORY_ID = S4.UP_CATEGORY_ID
		WHERE
		    S1.CATEGORY_ID = #{param1}
		ORDER BY
		    CATEGORY_ID
	</select>
	
	<select id="selectAllCategories" resultType="String">
		SELECT
		    LPAD(' ', 3 * (LEVEL - 1)) || NAME
		FROM
		    SHOP_CATEGORY
		START WITH
		    UP_CATEGORY_ID IS NULL
		CONNECT BY
		    PRIOR CATEGORY_ID = UP_CATEGORY_ID
	</select>
	
	<select id="selectAllLevelCategories" resultType="com.tech.ibara.shop.dto.LevelCategoryDto">
		SELECT
		    LEVEL, CATEGORY_ID, UP_CATEGORY_ID, NAME
		FROM
		    SHOP_CATEGORY
		START WITH
		    UP_CATEGORY_ID IS NULL
		CONNECT BY
		    PRIOR CATEGORY_ID = UP_CATEGORY_ID
	</select>
	
	<select id="selectProductById" resultType="com.tech.ibara.shop.dto.ProductDto">
		SELECT
			PRODUCT_ID, CATEGORY_ID, OPTION_SET_ID, NAME
		FROM
			SHOP_PRODUCT
		WHERE
			PRODUCT_ID = #{param1}
	</select>
	
	<select id="selectOptionSetByProductId" resultType="com.tech.ibara.shop.dto.OptionSetDto">
		SELECT
		    OPTION_SET_ID, NAME
		FROM
		    SHOP_OPTION_SET
		WHERE
		    OPTION_SET_ID = (
		    SELECT
		        OPTION_SET_ID
		    FROM
		        SHOP_PRODUCT
		    WHERE
		        PRODUCT_ID = #{param1})
	</select>
	
	<select id="selectOptionSetById" resultType="com.tech.ibara.shop.dto.OptionSetDto">
		SELECT
		    OPTION_SET_ID, NAME
		FROM
		    SHOP_OPTION_SET
		WHERE
		    OPTION_SET_ID = #{param1}
	</select>
	
	<select id="selectOptionsByOptionSetId" resultType="com.tech.ibara.shop.dto.OptionDto">
		SELECT
		    OPTION_ID, OPTION_SET_ID, SUB_OPTION_SET_ID, PRODUCT_DATA_ID, NAME
		FROM
		    SHOP_OPTION
		WHERE
		    OPTION_SET_ID = #{param1}
	</select>
	
	<select id="selectOptionById" resultType="com.tech.ibara.shop.dto.OptionDto">
		SELECT
		    OPTION_ID, OPTION_SET_ID, SUB_OPTION_SET_ID, PRODUCT_DATA_ID, NAME
		FROM
		    SHOP_OPTION
		WHERE
		    OPTION_ID = #{param1}
	</select>
	
	<select id="selectProductDataById" resultType="com.tech.ibara.shop.dto.ProductDataDto">
		SELECT
		    PRODUCT_DATA_ID, STOCK, PRICE, DISCOUNTED_PRICE
		FROM
		    SHOP_PRODUCT_DATA
		WHERE
		    PRODUCT_DATA_ID = #{param1}
	</select>
	
	<resultMap type="com.tech.ibara.shop.dto.ProductDataDto" id="ProductDataDto">
		<result column="PRODUCT_DATA_ID" property="product_data_id" />
		<result column="STOCK" property="stock" />
		<result column="PRICE" property="price" />
		<result column="DISCOUNTED_PRICE" property="discounted_price" />
	</resultMap>
	
	<resultMap type="com.tech.ibara.shop.dto.OptionDto" id="OptionDto">
		<result column="OPTION_ID" property="option_id" />
		<result column="OPTION_SET_ID" property="option_set_id" />
		<result column="SUB_OPTION_SET_ID" property="sub_option_set_id" />
		<result column="PRODUCT_DATA_ID" property="product_data_id" />
		<result column="NAME" property="name" />
		<collection property="product_data_dto" resultMap="ProductDataDto"></collection>
	</resultMap>
	
	<select id="selectOptionJoinProductDataByOptionSetId" parameterType="com.tech.ibara.shop.dto.OptionDto" resultMap="OptionDto">
		SELECT
			O.OPTION_ID, O.OPTION_SET_ID, O.NAME, D.STOCK, D.PRICE, D.DISCOUNTED_PRICE
		FROM
			SHOP_OPTION O
		JOIN
			SHOP_PRODUCT_DATA D
		ON
			O.PRODUCT_DATA_ID = D.PRODUCT_DATA_ID
		WHERE
			O.OPTION_SET_ID = #{param1}
	</select>
	
	<select id="selectOptionsJoinProductDataByOptionSetId" parameterType="com.tech.ibara.shop.dto.OptionDto" resultMap="OptionDto">
		SELECT
			O.OPTION_ID, O.OPTION_SET_ID, O.NAME, D.STOCK, D.PRICE, D.DISCOUNTED_PRICE
		FROM
			SHOP_OPTION O
		JOIN
			SHOP_PRODUCT_DATA D
		ON
			O.PRODUCT_DATA_ID = D.PRODUCT_DATA_ID
		WHERE
			O.OPTION_SET_ID = #{param1}
	</select>
	
</mapper>