<?xml version="1.0" encoding="UTF-8"?>

<!DOCTYPE mapper
    PUBLIC "-//mybatis.org//DTD Mapper 3.0//EN"
    "https://mybatis.org/dtd/mybatis-3-mapper.dtd">

<mapper namespace="com.tech.ibara.shop.dao.ShopDao">
	
	<select id="selectProductsByCategory" resultType="com.tech.ibara.shop.dto.ProductDto">
		SELECT
			PRODUCT_ID,
			SELLER_ID,
			CATEGORY_ID,
			OPTION_SET_ID,
			DETAIL_INFO_ID,
			NAME,
			DELIVERY_FEE,
			DISCOUNT_RATE,
			REP_PRICE,
			REP_D_PRICE
		FROM
			SHOP_PRODUCT
		WHERE
			CATEGORY_ID = #{param1}
		ORDER BY
			PRODUCT_ID
	</select>
	
	<select id="selectProductsByCategories" resultType="com.tech.ibara.shop.dto.ProductDto">
		SELECT
			PRODUCT_ID,
			SELLER_ID,
			CATEGORY_ID,
			OPTION_SET_ID,
			DETAIL_INFO_ID,
			NAME,
			DELIVERY_FEE,
			DISCOUNT_RATE,
			REP_PRICE,
			REP_D_PRICE
		FROM
			SHOP_PRODUCT
		WHERE
			CATEGORY_ID IN
			<foreach item="item" index="index" collection="list" open="(" separator="," close=")">
				#{item.category_id}
			</foreach>
		ORDER BY
			PRODUCT_ID	
	</select>
	
	<select id="selectCategoriesByUp" resultType="com.tech.ibara.shop.dto.CategoryDto">
		SELECT
			CATEGORY_ID, UP_CATEGORY_ID, NAME
		FROM
			SHOP_CATEGORY
		WHERE
			UP_CATEGORY_ID = #{param1}
	</select>
	
	<select id="selectCategoryById" resultType="com.tech.ibara.shop.dto.CategoryDto">
		SELECT
			CATEGORY_ID, UP_CATEGORY_ID, NAME
		FROM
			SHOP_CATEGORY
		WHERE
			CATEGORY_ID = #{param1}
	</select>
	
	<select id="selectAllSubCategoriesById" resultType="com.tech.ibara.shop.dto.CategoryDto">
		SELECT
		    NVL(S4.CATEGORY_ID, NVL(S3.CATEGORY_ID, S2.CATEGORY_ID)) CATEGORY_ID,
		    NVL(S4.UP_CATEGORY_ID, NVL(S3.UP_CATEGORY_ID, S2.UP_CATEGORY_ID)) UP_CATEGORY_ID,
		    NVL(S4.NAME, NVL(S3.NAME, S2.NAME)) NAME
		FROM
		    SHOP_CATEGORY S1
		INNER JOIN
		    SHOP_CATEGORY S2
		ON
		    S1.CATEGORY_ID = S2.UP_CATEGORY_ID
		LEFT OUTER JOIN
		    SHOP_CATEGORY S3
		ON
		    S2.CATEGORY_ID = S3.UP_CATEGORY_ID    
		LEFT OUTER JOIN
		    SHOP_CATEGORY S4
		ON
		    S3.CATEGORY_ID = S4.UP_CATEGORY_ID
		WHERE
		    S1.CATEGORY_ID = #{param1}
		ORDER BY
		    CATEGORY_ID
	</select>
	
	<select id="selectAllCategories" resultType="String">
		SELECT
		    LPAD(' ', 3 * (LEVEL - 1)) || NAME
		FROM
		    SHOP_CATEGORY
		START WITH
		    UP_CATEGORY_ID IS NULL
		CONNECT BY
		    PRIOR CATEGORY_ID = UP_CATEGORY_ID
	</select>
	
	<select id="selectAllLevelCategories" resultType="com.tech.ibara.shop.dto.LevelCategoryDto">
		SELECT
		    LEVEL, CATEGORY_ID, UP_CATEGORY_ID, NAME
		FROM
		    SHOP_CATEGORY
		START WITH
		    UP_CATEGORY_ID IS NULL
		CONNECT BY
		    PRIOR CATEGORY_ID = UP_CATEGORY_ID
	</select>
	
	<select id="selectLv1Categories" resultType="com.tech.ibara.shop.dto.LevelCategoryDto" >
		SELECT
		    CATEGORY_ID, UP_CATEGORY_ID, NAME
		FROM
		    SHOP_CATEGORY
		WHERE
		    UP_CATEGORY_ID IS NULL
	</select>
	
	<select id="selectProductById" resultType="com.tech.ibara.shop.dto.ProductDto">
		SELECT
			PRODUCT_ID,
			SELLER_ID,
			CATEGORY_ID,
			OPTION_SET_ID,
			DETAIL_INFO_ID,
			NAME,
			DELIVERY_FEE,
			DISCOUNT_RATE,
			REP_PRICE,
			REP_D_PRICE
		FROM
			SHOP_PRODUCT
		WHERE
			PRODUCT_ID = #{param1}
	</select>
	
	<select id="selectOptionSetByProduct" resultType="com.tech.ibara.shop.dto.OptionSetDto">
		SELECT
		    OPTION_SET_ID, NAME
		FROM
		    SHOP_OPTION_SET
		WHERE
		    OPTION_SET_ID = (
		    SELECT
		        OPTION_SET_ID
		    FROM
		        SHOP_PRODUCT
		    WHERE
		        PRODUCT_ID = #{param1})
	</select>
	
	<select id="selectOptionSetById" resultType="com.tech.ibara.shop.dto.OptionSetDto">
		SELECT
		    OPTION_SET_ID, NAME
		FROM
		    SHOP_OPTION_SET
		WHERE
		    OPTION_SET_ID = #{param1}
	</select>
	
	<select id="selectOptionsBySet" resultType="com.tech.ibara.shop.dto.OptionDto">
		SELECT
		    OPTION_ID, OPTION_SET_ID, SUB_OPTION_SET_ID, PRODUCT_DATA_ID, NAME
		FROM
		    SHOP_OPTION
		WHERE
		    OPTION_SET_ID = #{param1}
	</select>
	
	<select id="selectOptionById" resultType="com.tech.ibara.shop.dto.OptionDto">
		SELECT
		    OPTION_ID, OPTION_SET_ID, SUB_OPTION_SET_ID, PRODUCT_DATA_ID, NAME
		FROM
		    SHOP_OPTION
		WHERE
		    OPTION_ID = #{param1}
	</select>
	
	<select id="selectProductDataById" resultType="com.tech.ibara.shop.dto.ProductDataDto">
		SELECT
		    PRODUCT_DATA_ID, STOCK, PRICE, DISCOUNTED_PRICE
		FROM
		    SHOP_PRODUCT_DATA
		WHERE
		    PRODUCT_DATA_ID = #{param1}
	</select>
	
	<resultMap type="com.tech.ibara.shop.dto.ProductDataDto" id="ProductDataDto">
		<result column="PRODUCT_DATA_ID" property="product_data_id" />
		<result column="STOCK" property="stock" />
		<result column="PRICE" property="price" />
		<result column="DISCOUNTED_PRICE" property="discounted_price" />
	</resultMap>
	
	<resultMap type="com.tech.ibara.shop.dto.OptionDto" id="OptionDto">
		<result column="OPTION_ID" property="option_id" />
		<result column="OPTION_SET_ID" property="option_set_id" />
		<result column="SUB_OPTION_SET_ID" property="sub_option_set_id" />
		<result column="PRODUCT_DATA_ID" property="product_data_id" />
		<result column="NAME" property="name" />
		<collection property="product_data_dto" resultMap="ProductDataDto"></collection>
	</resultMap>
	
	<select id="selectJoinOptionBySet" parameterType="com.tech.ibara.shop.dto.OptionDto" resultMap="OptionDto">
		SELECT
			O.OPTION_ID, O.OPTION_SET_ID, O.NAME, D.STOCK, D.PRICE, D.DISCOUNTED_PRICE
		FROM
			SHOP_OPTION O
		JOIN
			SHOP_PRODUCT_DATA D
		ON
			O.PRODUCT_DATA_ID = D.PRODUCT_DATA_ID
		WHERE
			O.OPTION_SET_ID = #{param1}
	</select>
	
	<select id="selectJoinOptionsBySet" parameterType="com.tech.ibara.shop.dto.OptionDto" resultMap="OptionDto">
		SELECT
			O.OPTION_ID, O.OPTION_SET_ID, O.NAME, D.STOCK, D.PRICE, D.DISCOUNTED_PRICE
		FROM
			SHOP_OPTION O
		JOIN
			SHOP_PRODUCT_DATA D
		ON
			O.PRODUCT_DATA_ID = D.PRODUCT_DATA_ID
		WHERE
			O.OPTION_SET_ID = #{param1}
	</select>
	
	<select id="selectJoinOptionById" parameterType="com.tech.ibara.shop.dto.OptionDto" resultMap="OptionDto">
		SELECT
			O.OPTION_ID, O.OPTION_SET_ID, O.NAME, D.STOCK, D.PRICE, D.DISCOUNTED_PRICE
		FROM
			SHOP_OPTION O
		JOIN
			SHOP_PRODUCT_DATA D
		ON
			O.PRODUCT_DATA_ID = D.PRODUCT_DATA_ID
		WHERE
			O.OPTION_ID = #{param1}
	</select>
	
	<select id="selectProductImgsByProduct" resultType="com.tech.ibara.shop.dto.ProductImgDto">
		SELECT
		    PRODUCT_IMG_ID, PRODUCT_ID, FILE_SRC
		FROM
		    SHOP_PRODUCT_IMG
		WHERE
		    PRODUCT_ID = #{param1}
		ORDER BY
			PRODUCT_IMG_ID
	</select>
	
	<resultMap type="com.tech.ibara.shop.dto.OptionSetDto" id="OptionSetDto">
		<result column="OPTION_SET_ID" property="option_set_id" />
		<result column="NAME" property="name" />
	</resultMap>
	
	<resultMap type="com.tech.ibara.shop.dto.BasketDto" id="BasketDto">
		<result column="BASKET_ID" property="basket_id" />
		<result column="USER_ID" property="user_id" />
		<result column="PRODUCT_ID" property="product_id" />
		<result column="OPTION_ID" property="option_id" />
		<result column="QUANTITY" property="quantity" />
		<collection columnPrefix="first_" property="option_dto" resultMap="OptionDto"></collection>
		<collection columnPrefix="final_" property="final_option_dto" resultMap="OptionDto"></collection>
		<collection columnPrefix="firstset_" property="option_set_dto" resultMap="OptionSetDto"></collection>
		<collection columnPrefix="finalset_" property="final_option_set_dto" resultMap="OptionSetDto"></collection>
		<collection property="product_data_dto" resultMap="ProductDataDto"></collection>
	</resultMap>
	
	<select id="selectBasketsByUser" parameterType="com.tech.ibara.shop.dto.BasketDto" resultMap="BasketDto">
		SELECT
		    B.BASKET_ID, B.USER_ID, B.PRODUCT_ID, B.OPTION_ID, B.QUANTITY,
		    S2.NAME FIRSTSET_NAME, O2.NAME FIRST_NAME,
		    S.NAME FINALSET_NAME, O.NAME FINAL_NAME, D.PRICE, D.DISCOUNTED_PRICE
		FROM
		    SHOP_BASKET B
		JOIN
		    SHOP_OPTION O
		ON
		    B.OPTION_ID = O.OPTION_ID
		JOIN
		    SHOP_PRODUCT_DATA D
		ON
		    O.PRODUCT_DATA_ID = D.PRODUCT_DATA_ID
		JOIN
		    SHOP_OPTION_SET S
		ON
		    O.OPTION_SET_ID = S.OPTION_SET_ID
		LEFT OUTER JOIN
		    SHOP_OPTION O2
		ON
		    S.OPTION_SET_ID = O2.SUB_OPTION_SET_ID
		LEFT OUTER JOIN
		    SHOP_OPTION_SET S2
		ON
		    O2.OPTION_SET_ID = S2.OPTION_SET_ID
		WHERE
			USER_ID = #{param1}
	</select>
	
	<resultMap type="com.tech.ibara.shop.dto.ProductDto" id="ProductDto">
		<result column="PRODUCT_ID" property="product_id" />
		<result column="SELLER_ID" property="seller_id" />
		<result column="CATEGORY_ID" property="category_id" />
		<result column="OPTION_SET_ID" property="option_set_id" />
		<result column="DETAIL_INFO_ID" property="detail_info_id" />
		<result column="NAME" property="name" />
		<result column="DELIVERY_FEE" property="delivery_fee" />
		<result column="DISCOUNT_RATE" property="discount_rate" />
		<result column="REP_PRICE" property="rep_price" />
		<result column="REP_D_PRICE" property="rep_d_price" />
	</resultMap>
	
	<resultMap type="com.tech.ibara.shop.dto.BasketDto" id="BasketDto2">
		<result column="BASKET_ID" property="basket_id" />
		<result column="USER_ID" property="user_id" />
		<result column="PRODUCT_ID" property="product_id" />
		<result column="OPTION_ID" property="option_id" />
		<result column="QUANTITY" property="quantity" />
		<collection columnPrefix="first_" property="option_dto" resultMap="OptionDto"></collection>
		<collection columnPrefix="final_" property="final_option_dto" resultMap="OptionDto"></collection>
		<collection columnPrefix="firstset_" property="option_set_dto" resultMap="OptionSetDto"></collection>
		<collection columnPrefix="finalset_" property="final_option_set_dto" resultMap="OptionSetDto"></collection>
		<collection property="product_dto" resultMap="ProductDto"></collection>
		<collection property="product_data_dto" resultMap="ProductDataDto"></collection>
	</resultMap>
	
	<select id="selectBasketsByIds" parameterType="com.tech.ibara.shop.dto.BasketDto" resultMap="BasketDto2">
		SELECT
		    B.BASKET_ID, B.USER_ID, B.PRODUCT_ID, B.OPTION_ID, B.QUANTITY,
		    S2.NAME FIRSTSET_NAME, O2.NAME FIRST_NAME,
		    S.NAME FINALSET_NAME, O.NAME FINAL_NAME, D.PRICE, D.DISCOUNTED_PRICE,
		    P.DELIVERY_FEE, P.NAME
		FROM
		    SHOP_BASKET B
		JOIN
		    SHOP_OPTION O
		ON
		    B.OPTION_ID = O.OPTION_ID
		JOIN
		    SHOP_PRODUCT_DATA D
		ON
		    O.PRODUCT_DATA_ID = D.PRODUCT_DATA_ID
		JOIN
		    SHOP_OPTION_SET S
		ON
		    O.OPTION_SET_ID = S.OPTION_SET_ID
		LEFT OUTER JOIN
		    SHOP_OPTION O2
		ON
		    S.OPTION_SET_ID = O2.SUB_OPTION_SET_ID
		LEFT OUTER JOIN
		    SHOP_OPTION_SET S2
		ON
		    O2.OPTION_SET_ID = S2.OPTION_SET_ID
		JOIN
			SHOP_PRODUCT P
		ON
			P.PRODUCT_ID = B.PRODUCT_ID
		WHERE
			BASKET_ID IN
			<foreach item="item" index="index" collection="list" open="(" separator="," close=")">
				#{item}
			</foreach>
	</select>
	
	<select id="selectBasketQuantity" resultType="Integer">
		SELECT
			QUANTITY
		FROM
			SHOP_BASKET
		WHERE
			USER_ID = #{param1} AND OPTION_ID = #{param2}
	</select>
	
	<!-- ===================== INSERT ===================== -->
	
	<insert id="insertProductData" parameterType="com.tech.ibara.shop.dto.ProductDataDto"
		useGeneratedKeys="true" keyColumn="PRODUCT_DATA_ID" keyProperty="product_data_id" >
		INSERT INTO
			SHOP_PRODUCT_DATA (
				PRODUCT_DATA_ID,
				STOCK,
				PRICE,
				DISCOUNTED_PRICE)
		VALUES (
			SEQ_SHOP_PRODUCT_DATA.NEXTVAL,
			#{stock},
			#{price},
			#{discounted_price, jdbcType=INTEGER})
	</insert>
	
	<insert id="insertOptionSet" parameterType="com.tech.ibara.shop.dto.OptionSetDto"
		useGeneratedKeys="true" keyColumn="OPTION_SET_ID" keyProperty="option_set_id" >
		INSERT INTO
			SHOP_OPTION_SET (
				OPTION_SET_ID,
				NAME)
		VALUES (
			SEQ_SHOP_OPTION_SET.NEXTVAL,
			#{name, jdbcType=VARCHAR})
	</insert>
	
	<insert id="insertOption" parameterType="com.tech.ibara.shop.dto.OptionDto"
		useGeneratedKeys="true" keyColumn="OPTION_ID" keyProperty="option_id" >
		INSERT INTO
			SHOP_OPTION (
				OPTION_ID,
				OPTION_SET_ID,
				SUB_OPTION_SET_ID,
				PRODUCT_DATA_ID,
				NAME)
		VALUES (
			SEQ_SHOP_OPTION.NEXTVAL,
			#{option_set_id},
			#{sub_option_set_id, jdbcType=INTEGER},
			#{product_data_id, jdbcType=INTEGER},
			#{name})
	</insert>
	
	<insert id="insertProduct" parameterType="com.tech.ibara.shop.dto.ProductDto"
		useGeneratedKeys="true" keyColumn="PRODUCT_ID" keyProperty="product_id" >
		INSERT INTO
			SHOP_PRODUCT (
				PRODUCT_ID,
				SELLER_ID,
				CATEGORY_ID,
				OPTION_SET_ID,
				DETAIL_INFO_ID,
				NAME,
				DELIVERY_FEE,
				DISCOUNT_RATE,
				REP_PRICE,
				REP_D_PRICE)
		VALUES (
			SEQ_SHOP_PRODUCT.NEXTVAL,
			#{seller_id},
			#{category_id},
			#{option_set_id},
			#{detail_info_id},
			#{name},
			${delivery_fee},
			${discount_rate},
			${rep_price},
			${rep_d_price, jdbcType=INTEGER})
	</insert>
	
	<insert id="insertProductImg" parameterType="com.tech.ibara.shop.dto.ProductImgDto">
		INSERT INTO
			SHOP_PRODUCT_IMG (
				PRODUCT_IMG_ID,
				PRODUCT_ID,
				FILE_SRC)
		VALUES (
			SEQ_PRODUCT_IMG.NEXTVAL,
			#{product_id},
			#{file_src})
	</insert>
	
	<insert id="insertBasket" parameterType="com.tech.ibara.shop.dto.BasketDto">
		INSERT INTO
			SHOP_BASKET (
				BASKET_ID,
				USER_ID,
				PRODUCT_ID,
				OPTION_ID,
				QUANTITY)
		VALUES (
			SEQ_SHOP_BASKET.NEXTVAL,
			#{user_id},
			#{product_id},
			#{option_id},
			#{quantity})
	</insert>
	
<!-- 	<insert id="insertBaskets" parameterType="list">
		<foreach collection="list" item="item" index="idx"
			separator=";" open="DECLARE BEGIN" close="; END;">
			INSERT INTO
				SHOP_BASKET (
					BASKET_ID,
					USER_ID,
					PRODUCT_ID,
					OPTION_ID,
					QUANTITY)
			VALUES (
				SEQ_SHOP_BASKET.NEXTVAL,
				#{item.user_id},
				#{item.product_id},
				#{item.option_id},
				#{item.quantity})
		</foreach>
	</insert> -->
	
	<insert id="insertBaskets" parameterType="list">
		DECLARE
			BASKET_COUNT NUMBER;
		BEGIN
		<foreach collection="list" item="item" index="idx">
			SELECT
				COUNT(*)
			INTO
				BASKET_COUNT
			FROM
				SHOP_BASKET
			WHERE
				USER_ID = #{item.user_id}
			AND
				OPTION_ID = #{item.option_id};
				
			IF BASKET_COUNT != 0 THEN
				UPDATE
					SHOP_BASKET
				SET
					QUANTITY = QUANTITY + #{item.quantity}
				WHERE
					USER_ID = #{item.user_id}
				AND
					OPTION_ID = #{item.option_id};
			ELSE
				INSERT INTO
					SHOP_BASKET (
						BASKET_ID,
						USER_ID,
						PRODUCT_ID,
						OPTION_ID,
						QUANTITY)
				VALUES (
					SEQ_SHOP_BASKET.NEXTVAL,
					#{item.user_id},
					#{item.product_id},
					#{item.option_id},
					#{item.quantity});
			END IF;
		</foreach>
		END;
	</insert>
	
	<insert id="insertOrder" parameterType="com.tech.ibara.shop.dto.OrderDto"
		useGeneratedKeys="true" keyColumn="ORDER_ID" keyProperty="order_id" >
		INSERT INTO
			SHOP_ORDER (
				ORDER_ID,
				USER_ID,
				ORDER_STATE_ID,
				USER_ADDR_ID,
				ORDERER_INFO_ID,
				PAYMENT_INFO_ID,
				ORDER_DATE,
				AMOUNT)
		VALUES (
			SEQ_SHOP_ORDER.NEXTVAL,
			#{user_id, jdbcType=INTEGER},
			#{order_state_id},
			#{user_addr_id, jdbcType=INTEGER},
			#{orderer_info_id, jdbcType=INTEGER},
			#{payment_info_id, jdbcType=INTEGER},
			#{order_date, jdbcType=DATE},
			#{amount})
	</insert>
	
	<insert id="insertOrderProduct" parameterType="com.tech.ibara.shop.dto.OrderProductDto">
		INSERT INTO
			SHOP_ORDER_PRODUCT (
				ORDER_PRODUCT_ID,
				ORDER_ID,
				PRODUCT_ID,
				OPTION_ID,
				NAME, 
				PRICE,
				QUANTITY,
				OPTION_TEXT)
		VALUES (
			SEQ_ORDER_PRODUCT.NEXTVAL,
			#{order_id},
			#{product_id},
			#{option_id},
			#{name}, 
			#{price},
			#{quantity},
			#{option_text})
	</insert>
	
	<!-- ===================== UPDATE ===================== -->
	
	<update id="updateBasketQuantity">
		UPDATE
			SHOP_BASKET
		SET
		<choose>
			<when test="param3 == 'add'">
				QUANTITY = QUANTITY + 1
			</when>
			<when test="param3 == 'sub'">
				QUANTITY = QUANTITY - 1
			</when>
		</choose>
		WHERE
			USER_ID = #{param1} AND OPTION_ID = #{param2}
	</update>
	
	<!-- ===================== DELETE ===================== -->
	
	<delete id="deleteBasket">
		DELETE
			SHOP_BASKET
		WHERE
		<choose>
			<when test="param3 == 'product'">
				USER_ID = #{param1} AND PRODUCT_ID = #{param2}
			</when>
			<when test="param3 == 'option'">
				USER_ID = #{param1} AND OPTION_ID = #{param2}
			</when>
		</choose>
	</delete>
</mapper>