<?xml version="1.0" encoding="UTF-8"?>
<!DOCTYPE mapper
    PUBLIC "-//mybatis.org//DTD Mapper 3.0//EN"
    "https://mybatis.org/dtd/mybatis-3-mapper.dtd">

<mapper namespace="com.tech.ibara.my.dao.MyDao">
	<insert id="join">
		INSERT INTO ID_JOIN VALUES(IDNO_SEQ.NEXTVAL,#{param1},#{param2},#{param3},#{param4},0)
	</insert>
	<select id="emailCheck" resultType="Integer">
		SELECT EMAIL FROM ID_JOIN WHERE EMAIL = #{param1}
	</select>
	<select id="nicknameCheck" resultType="Integer">
		SELECT NICKNAME FROM ID_JOIN WHERE NICKNAME = #{param1}
	</select>
	<select id="idnoSearch" resultType="Integer">
		SELECT IDNO FROM ID_JOIN WHERE NICKNAME = #{param1}
	</select>
	<select id="getMemberEmail" resultType="string">
		SELECT EMAIL FROM ID_JOIN WHERE IDNO = #{param1}
	</select>
	<update id="setMemberEmailChecked">
		UPDATE ID_JOIN SET  MAILCHECK = 1 WHERE IDNO = #{param1}
	</update>
	

</mapper>
