<?xml version="1.0" encoding="UTF-8"?>

<!DOCTYPE mapper
    PUBLIC "-//mybatis.org//DTD Mapper 3.0//EN"
    "https://mybatis.org/dtd/mybatis-3-mapper.dtd">

<mapper namespace="com.tech.ibara.shop.dao.ShopDao">
	
	<select id="selectProductsByCategory" resultType="com.tech.ibara.shop.dto.ProductDto">
		SELECT
			PRODUCT_ID, SELLER_ID, CATEGORY_ID, OPTION_SET_ID, DETAIL_INFO_ID, NAME
		FROM
			SHOP_PRODUCT
		WHERE
			CATEGORY_ID = #{param1}
		ORDER BY
			PRODUCT_ID
	</select>
	
	<select id="selectProductsByCategories" resultType="com.tech.ibara.shop.dto.ProductDto">
		SELECT
			PRODUCT_ID, SELLER_ID, CATEGORY_ID, OPTION_SET_ID, DETAIL_INFO_ID, NAME
		FROM
			SHOP_PRODUCT
		WHERE
			CATEGORY_ID IN
			<foreach item="item" index="index" collection="list" open="(" separator="," close=")">
				#{item.category_id}
			</foreach>
		ORDER BY
			PRODUCT_ID	
	</select>
	
	<select id="selectCategoriesByUp" resultType="com.tech.ibara.shop.dto.CategoryDto">
		SELECT
			CATEGORY_ID, UP_CATEGORY_ID, NAME
		FROM
			SHOP_CATEGORY
		WHERE
			UP_CATEGORY_ID = #{param1}
	</select>
	
	<select id="selectCategoryById" resultType="com.tech.ibara.shop.dto.CategoryDto">
		SELECT
			CATEGORY_ID, UP_CATEGORY_ID, NAME
		FROM
			SHOP_CATEGORY
		WHERE
			CATEGORY_ID = #{param1}
	</select>
	
	<select id="selectAllSubCategoriesById" resultType="com.tech.ibara.shop.dto.CategoryDto">
		SELECT
		    NVL(S4.CATEGORY_ID, NVL(S3.CATEGORY_ID, S2.CATEGORY_ID)) CATEGORY_ID,
		    NVL(S4.UP_CATEGORY_ID, NVL(S3.UP_CATEGORY_ID, S2.UP_CATEGORY_ID)) UP_CATEGORY_ID,
		    NVL(S4.NAME, NVL(S3.NAME, S2.NAME)) NAME
		FROM
		    SHOP_CATEGORY S1
		INNER JOIN
		    SHOP_CATEGORY S2
		ON
		    S1.CATEGORY_ID = S2.UP_CATEGORY_ID
		LEFT OUTER JOIN
		    SHOP_CATEGORY S3
		ON
		    S2.CATEGORY_ID = S3.UP_CATEGORY_ID    
		LEFT OUTER JOIN
		    SHOP_CATEGORY S4
		ON
		    S3.CATEGORY_ID = S4.UP_CATEGORY_ID
		WHERE
		    S1.CATEGORY_ID = #{param1}
		ORDER BY
		    CATEGORY_ID
	</select>
	
	<select id="selectAllCategories" resultType="String">
		SELECT
		    LPAD(' ', 3 * (LEVEL - 1)) || NAME
		FROM
		    SHOP_CATEGORY
		START WITH
		    UP_CATEGORY_ID IS NULL
		CONNECT BY
		    PRIOR CATEGORY_ID = UP_CATEGORY_ID
	</select>
	
	<select id="selectAllLevelCategories" resultType="com.tech.ibara.shop.dto.LevelCategoryDto">
		SELECT
		    LEVEL, CATEGORY_ID, UP_CATEGORY_ID, NAME
		FROM
		    SHOP_CATEGORY
		START WITH
		    UP_CATEGORY_ID IS NULL
		CONNECT BY
		    PRIOR CATEGORY_ID = UP_CATEGORY_ID
	</select>
	
	<select id="selectLv1Categories" resultType="com.tech.ibara.shop.dto.LevelCategoryDto" >
		SELECT
		    CATEGORY_ID, UP_CATEGORY_ID, NAME
		FROM
		    SHOP_CATEGORY
		WHERE
		    UP_CATEGORY_ID IS NULL
	</select>
	
	<select id="selectProductById" resultType="com.tech.ibara.shop.dto.ProductDto">
		SELECT
			PRODUCT_ID, SELLER_ID, CATEGORY_ID, OPTION_SET_ID, DETAIL_INFO_ID, NAME
		FROM
			SHOP_PRODUCT
		WHERE
			PRODUCT_ID = #{param1}
	</select>
	
	<select id="selectOptionSetByProduct" resultType="com.tech.ibara.shop.dto.OptionSetDto">
		SELECT
		    OPTION_SET_ID, NAME
		FROM
		    SHOP_OPTION_SET
		WHERE
		    OPTION_SET_ID = (
		    SELECT
		        OPTION_SET_ID
		    FROM
		        SHOP_PRODUCT
		    WHERE
		        PRODUCT_ID = #{param1})
	</select>
	
	<select id="selectOptionSetById" resultType="com.tech.ibara.shop.dto.OptionSetDto">
		SELECT
		    OPTION_SET_ID, NAME
		FROM
		    SHOP_OPTION_SET
		WHERE
		    OPTION_SET_ID = #{param1}
	</select>
	
	<select id="selectOptionsBySet" resultType="com.tech.ibara.shop.dto.OptionDto">
		SELECT
		    OPTION_ID, OPTION_SET_ID, SUB_OPTION_SET_ID, PRODUCT_DATA_ID, NAME
		FROM
		    SHOP_OPTION
		WHERE
		    OPTION_SET_ID = #{param1}
	</select>
	
	<select id="selectOptionById" resultType="com.tech.ibara.shop.dto.OptionDto">
		SELECT
		    OPTION_ID, OPTION_SET_ID, SUB_OPTION_SET_ID, PRODUCT_DATA_ID, NAME
		FROM
		    SHOP_OPTION
		WHERE
		    OPTION_ID = #{param1}
	</select>
	
	<select id="selectProductDataById" resultType="com.tech.ibara.shop.dto.ProductDataDto">
		SELECT
		    PRODUCT_DATA_ID, STOCK, PRICE, DISCOUNTED_PRICE
		FROM
		    SHOP_PRODUCT_DATA
		WHERE
		    PRODUCT_DATA_ID = #{param1}
	</select>
	
	<resultMap type="com.tech.ibara.shop.dto.ProductDataDto" id="ProductDataDto">
		<result column="PRODUCT_DATA_ID" property="product_data_id" />
		<result column="STOCK" property="stock" />
		<result column="PRICE" property="price" />
		<result column="DISCOUNTED_PRICE" property="discounted_price" />
	</resultMap>
	
	<resultMap type="com.tech.ibara.shop.dto.OptionDto" id="OptionDto">
		<result column="OPTION_ID" property="option_id" />
		<result column="OPTION_SET_ID" property="option_set_id" />
		<result column="SUB_OPTION_SET_ID" property="sub_option_set_id" />
		<result column="PRODUCT_DATA_ID" property="product_data_id" />
		<result column="NAME" property="name" />
		<collection property="product_data_dto" resultMap="ProductDataDto"></collection>
	</resultMap>
	
	<select id="selectJoinOptionBySet" parameterType="com.tech.ibara.shop.dto.OptionDto" resultMap="OptionDto">
		SELECT
			O.OPTION_ID, O.OPTION_SET_ID, O.NAME, D.STOCK, D.PRICE, D.DISCOUNTED_PRICE
		FROM
			SHOP_OPTION O
		JOIN
			SHOP_PRODUCT_DATA D
		ON
			O.PRODUCT_DATA_ID = D.PRODUCT_DATA_ID
		WHERE
			O.OPTION_SET_ID = #{param1}
	</select>
	
	<select id="selectJoinOptionsBySet" parameterType="com.tech.ibara.shop.dto.OptionDto" resultMap="OptionDto">
		SELECT
			O.OPTION_ID, O.OPTION_SET_ID, O.NAME, D.STOCK, D.PRICE, D.DISCOUNTED_PRICE
		FROM
			SHOP_OPTION O
		JOIN
			SHOP_PRODUCT_DATA D
		ON
			O.PRODUCT_DATA_ID = D.PRODUCT_DATA_ID
		WHERE
			O.OPTION_SET_ID = #{param1}
	</select>
	
	<select id="selectJoinOptionById" parameterType="com.tech.ibara.shop.dto.OptionDto" resultMap="OptionDto">
		SELECT
			O.OPTION_ID, O.OPTION_SET_ID, O.NAME, D.STOCK, D.PRICE, D.DISCOUNTED_PRICE
		FROM
			SHOP_OPTION O
		JOIN
			SHOP_PRODUCT_DATA D
		ON
			O.PRODUCT_DATA_ID = D.PRODUCT_DATA_ID
		WHERE
			O.OPTION_ID = #{param1}
	</select>
	
	<select id="selectProductImgsByProduct" resultType="com.tech.ibara.shop.dto.ProductImgDto">
		SELECT
		    PRODUCT_IMG_ID, PRODUCT_ID, FILE_SRC
		FROM
		    SHOP_PRODUCT_IMG
		WHERE
		    PRODUCT_ID = #{param1}
		ORDER BY
			PRODUCT_IMG_ID
	</select>
	
	<resultMap type="com.tech.ibara.shop.dto.OptionSetDto" id="OptionSetDto">
		<result column="OPTION_SET_ID" property="option_set_id" />
		<result column="NAME" property="name" />
	</resultMap>
	
	<resultMap type="com.tech.ibara.shop.dto.BasketDto" id="BasketDto">
		<result column="BASKET_ID" property="basket_id" />
		<result column="USER_ID" property="user_id" />
		<result column="PRODUCT_ID" property="product_id" />
		<result column="OPTION_ID" property="option_id" />
		<result column="QUANTITY" property="quantity" />
		<collection columnPrefix="first_" property="option_dto" resultMap="OptionDto"></collection>
		<collection columnPrefix="final_" property="final_option_dto" resultMap="OptionDto"></collection>
		<collection columnPrefix="firstset_" property="option_set_dto" resultMap="OptionSetDto"></collection>
		<collection columnPrefix="finalset_" property="final_option_set_dto" resultMap="OptionSetDto"></collection>
		<collection property="product_data_dto" resultMap="ProductDataDto"></collection>
	</resultMap>
	
	<select id="selectBasketsByUser" parameterType="com.tech.ibara.shop.dto.BasketDto" resultMap="BasketDto">
		SELECT
		    B.BASKET_ID, B.USER_ID, B.PRODUCT_ID, B.OPTION_ID, B.QUANTITY,
		    S2.NAME FIRSTSET_NAME, O2.NAME FIRST_NAME,
		    S.NAME FINALSET_NAME, O.NAME FINAL_NAME, D.PRICE
		FROM
		    SHOP_BASKET B
		JOIN
		    SHOP_OPTION O
		ON
		    B.OPTION_ID = O.OPTION_ID
		JOIN
		    SHOP_PRODUCT_DATA D
		ON
		    O.PRODUCT_DATA_ID = D.PRODUCT_DATA_ID
		JOIN
		    SHOP_OPTION_SET S
		ON
		    O.OPTION_SET_ID = S.OPTION_SET_ID
		LEFT OUTER JOIN
		    SHOP_OPTION O2
		ON
		    S.OPTION_SET_ID = O2.SUB_OPTION_SET_ID
		LEFT OUTER JOIN
		    SHOP_OPTION_SET S2
		ON
		    O2.OPTION_SET_ID = S2.OPTION_SET_ID
		WHERE
			USER_ID = #{param1}
	</select>
	
	<!-- ===================== INSERT ===================== -->
	
	<insert id="insertProductData" parameterType="com.tech.ibara.shop.dto.ProductDataDto"
		useGeneratedKeys="true" keyColumn="PRODUCT_DATA_ID" keyProperty="product_data_id" >
		INSERT INTO
			SHOP_PRODUCT_DATA (
				PRODUCT_DATA_ID,
				STOCK,
				PRICE,
				DISCOUNTED_PRICE)
		VALUES (
			SEQ_SHOP_PRODUCT_DATA.NEXTVAL,
			#{stock},
			#{price},
			#{discounted_price, jdbcType=INTEGER})
	</insert>
	
	<insert id="insertOptionSet" parameterType="com.tech.ibara.shop.dto.OptionSetDto"
		useGeneratedKeys="true" keyColumn="OPTION_SET_ID" keyProperty="option_set_id" >
		INSERT INTO
			SHOP_OPTION_SET (
				OPTION_SET_ID,
				NAME)
		VALUES (
			SEQ_SHOP_OPTION_SET.NEXTVAL,
			#{name, jdbcType=VARCHAR})
	</insert>
	
	<insert id="insertOption" parameterType="com.tech.ibara.shop.dto.OptionDto"
		useGeneratedKeys="true" keyColumn="OPTION_ID" keyProperty="option_id" >
		INSERT INTO
			SHOP_OPTION (
				OPTION_ID,
				OPTION_SET_ID,
				SUB_OPTION_SET_ID,
				PRODUCT_DATA_ID,
				NAME)
		VALUES (
			SEQ_SHOP_OPTION.NEXTVAL,
			#{option_set_id},
			#{sub_option_set_id, jdbcType=INTEGER},
			#{product_data_id, jdbcType=INTEGER},
			#{name})
	</insert>
	
	<insert id="insertProduct" parameterType="com.tech.ibara.shop.dto.ProductDto"
		useGeneratedKeys="true" keyColumn="PRODUCT_ID" keyProperty="product_id" >
		INSERT INTO
			SHOP_PRODUCT (
				PRODUCT_ID,
				SELLER_ID,
				CATEGORY_ID,
				OPTION_SET_ID,
				DETAIL_INFO_ID,
				NAME)
		VALUES (
			SEQ_SHOP_PRODUCT.NEXTVAL,
			#{seller_id},
			#{category_id},
			#{option_set_id},
			#{detail_info_id},
			#{name})
	</insert>
	
	<insert id="insertProductImg" parameterType="com.tech.ibara.shop.dto.ProductImgDto">
		INSERT INTO
			SHOP_PRODUCT_IMG (
				PRODUCT_IMG_ID,
				PRODUCT_ID,
				FILE_SRC)
		VALUES (
			SEQ_PRODUCT_IMG.NEXTVAL,
			#{product_id},
			#{file_src})
	</insert>
	
	<insert id="insertBasket" parameterType="com.tech.ibara.shop.dto.BasketDto">
		INSERT INTO
			SHOP_BASKET (
				BASKET_ID,
				USER_ID,
				PRODUCT_ID,
				OPTION_ID,
				QUANTITY)
		VALUES (
			SEQ_SHOP_BASKET.NEXTVAL,
			#{basket_id},
			#{user_id},
			#{product_id},
			#{option_id},
			#{quantity})
	</insert>
</mapper>