<?xml version="1.0" encoding="UTF-8"?>

<!DOCTYPE mapper
    PUBLIC "-//mybatis.org//DTD Mapper 3.0//EN"
    "https://mybatis.org/dtd/mybatis-3-mapper.dtd">

<mapper namespace="com.tech.ibara.oh.dao.OHInterfaceDao">
	<!-- resultMap OHPhotoBoard -->
	<resultMap type="com.tech.ibara.oh.dto.OHPhotoBoard" id="OHPhotoBoard">
		<result column="NO" property="no" />
		<result column="PB_NO" property="pb_no" />
		<result column="PB_USER" property="pb_user" />
		<result column="PB_TITLE" property="pb_title" />
		<result column="PB_CONTENT" property="pb_content" />
		<result column="PB_DATE" property="pb_date" />
		<result column="PB_LIKE" property="pb_like" />
		<result column="PB_SCRAP" property="pb_scrap" />
		<result column="PB_REPLY" property="pb_reply" />
		<result column="PB_LINK" property="pb_link" />
		<result column="PB_HIT" property="pb_hit" />
		<result column="PB_CATEGORY" property="pb_category" />
		<result column="PB_RESIDENCE" property="pb_residence" />
		<result column="PB_ROOM" property="pb_room" />
		<result column="PB_STYLE" property="pb_style" />
		<result column="PB_SKILL" property="pb_skill" />
		<!-- collection -->
		<collection property="ohPhotoAttach" resultMap="OHPhotoAttach"/>
	</resultMap>
	<!-- resultMap OHPhotoAttach -->
	<resultMap type="com.tech.ibara.oh.dto.OHPhotoAttach" id="OHPhotoAttach">
		<result column="PA_NO" property="pa_no" />
		<result column="PA_ATTACH" property="pa_attach" />
		<result column="PB_NO" property="pb_no" />
	</resultMap>	
	<!-- OHPhotoView.jsp -->
	<select id="ohPhotoView" resultType="com.tech.ibara.oh.dto.OHPhotoBoard" resultMap="OHPhotoBoard">
		SELECT
			*
		FROM
			(SELECT
			 	ROWNUM NO, N.*
			 FROM
			 	(SELECT 
			     	* 
			     FROM 
			     	OH_PHOTO_BOARD OH1 
			     LEFT OUTER JOIN 
			     	(SELECT 
			         	* 
			         FROM 
			            OH_PHOTO_ATTACH 
			         WHERE 
			            PA_NO IN (SELECT 
			                      	  MIN(PA_NO) 
			                      FROM 
			                      	  OH_PHOTO_ATTACH 
			                      GROUP BY 
			                      	  PB_NO
			                     ) 
			         ORDER BY 
			         	PA_NO
			        ) OH2
			     ON
			     	OH1.PB_NO = OH2.PB_NO
				 <choose>
					 <when test='param3 == "pb_date" and param4 == "desc"'>
						 ORDER BY 
							 PB_DATE DESC
					 </when>
					 <when test='param3 == "pb_date" and param4 == "asc"'>
						 ORDER BY 
							 PB_DATE ASC
					 </when>
					 <when test='param3 == "pb_like" and param4 == "desc"'>
						 ORDER BY 
							 PB_LIKE DESC
					 </when>
					 <when test='param3 == "pb_like" and param4 == "asc"'>
						 ORDER BY 
							 PB_LIKE ASC
					 </when>
					 <when test='param3 == "pb_hit" and param4 == "desc"'>
						 ORDER BY 
							 PB_HIT DESC
					 </when>
					 <when test='param3 == "pb_hit" and param4 == "asc"'>
						 ORDER BY 
							 PB_HIT ASC
					 </when>										
				 </choose>			     	
			    ) N
			 <trim prefix="WHERE" prefixOverrides="AND">
			 	 <if test='param5 != "default"' >
				 	 AND PB_CATEGORY = #{param5}
				 </if>
				 <if test='param6 != "default"' >
					 AND PB_RESIDENCE = #{param6}
				 </if>
				 <if test='param7 != "default"' >
					 AND PB_ROOM = #{param7}
				 </if>						
				 <if test='param8 != "default"' >
					 AND PB_STYLE = #{param8}
				 </if>
				 <if test='param9 != "default"' >
					 AND PB_SKILL = #{param9}
				 </if>
				 <choose>						
					 <when test='param10 == "default"'>
						 AND (PB_TITLE LIKE '%'||#{param11}||'%' OR PB_CONTENT LIKE '%'||#{param11}||'%')
					 </when>	
					 <when test='param10 == "pb_title"'>
						 AND (PB_TITLE LIKE '%'||#{param11}||'%')
					 </when>
					 <when test='param10 == "pb_content"'>
						 AND (PB_CONTENT LIKE '%'||#{param11}||'%')
					 </when>
					 <otherwise></otherwise>				
				 </choose>													
			 </trim>
		    )
		WHERE
			NO BETWEEN #{param1} AND #{param2}
	</select>
	<select id="getPostTotalCount" resultType="Integer">
		SELECT 
			COUNT(*) 
		FROM 
			OH_PHOTO_BOARD
		<trim prefix="WHERE" prefixOverrides="AND">
			<if test='param1 != "default"' >
				AND PB_CATEGORY = #{param1}
			</if>
			<if test='param2 != "default"' >
				AND PB_RESIDENCE = #{param2}
			</if>
			<if test='param3 != "default"' >
				AND PB_ROOM = #{param3}
			</if>						
			<if test='param4 != "default"' >
				AND PB_STYLE = #{param4}
			</if>
			<if test='param5 != "default"' >
				AND PB_SKILL = #{param5}
			</if>
			<choose>						
				<when test='param6 == "default"'>
					AND (PB_TITLE LIKE '%'||#{param7}||'%' OR PB_CONTENT LIKE '%'||#{param7}||'%')
				</when>	
				<when test='param6 == "pb_title"'>
					AND (PB_TITLE LIKE '%'||#{param7}||'%')
				</when>
				<when test='param6 == "pb_content"'>
					AND (PB_CONTENT LIKE '%'||#{param7}||'%')
				</when>
				<otherwise></otherwise>				
			</choose>													
		</trim>
	</select>	
	<!-- OHPhotoWriteExecute -->
	<insert id="ohPhotoWriteExecute">
		INSERT INTO 
		    OH_PHOTO_BOARD
		VALUES (
			OH_PHOTO_BOARD_SEQ.NEXTVAL, NULL, #{param1}, #{param2}, SYSDATE, 
		    0, 0, 0, 0, 0, 
		    #{param3}, #{param4}, #{param5}, #{param6}, #{param7}
		)
	</insert>
	<select id="getRecentPb_no" resultType="Integer">
		SELECT 
			MAX(PB_NO) 
		FROM 
			OH_PHOTO_BOARD
	</select>
	<insert id="setFileUpload">
		INSERT INTO 
		    OH_PHOTO_ATTACH 
		VALUES (
		    OH_PHOTO_ATTACH_SEQ.NEXTVAL, #{param2}, #{param1} 
		)
	</insert>
	<!-- OHPhotoDetailView -->
	<update id="updatePb_hit">
		UPDATE
			OH_PHOTO_BOARD
		SET
			PB_HIT = PB_HIT + 1
		WHERE
			PB_NO = #{param1}
	</update>
	<select id="getDtoOHPhotoBoard" resultType="com.tech.ibara.oh.dto.OHPhotoBoard">
		SELECT
			*
		FROM
			OH_PHOTO_BOARD
		WHERE
			PB_NO = #{param1}
	</select>
	<select id="getDtoOHPhotoAttach" resultType="com.tech.ibara.oh.dto.OHPhotoAttach">
		SELECT
			*
		FROM
			OH_PHOTO_ATTACH
		WHERE
			PB_NO = #{param1}		
	</select>
	<!-- OHPhotoEditExecute -->
	<update id="ohPBEditUpdate">
		UPDATE
			OH_PHOTO_BOARD
		SET
			PB_TITLE = #{param2},
			PB_CONTENT = #{param3},
			PB_CATEGORY = #{param4},
			PB_RESIDENCE = #{param5},
			PB_ROOM = #{param6},
			PB_STYLE = #{param7},
			PB_SKILL = #{param8}
		WHERE
			PB_NO = #{param1}
	</update>	
	<delete id="ohPAEditDelete">
		DELETE FROM 
			OH_PHOTO_ATTACH
		WHERE
			PB_NO = #{param1}
	</delete>	
	<insert id="ohPAEditFileUpload">
		INSERT INTO 
		    OH_PHOTO_ATTACH 
		VALUES (
		    OH_PHOTO_ATTACH_SEQ.NEXTVAL, #{param2}, #{param1} 
		)
	</insert>
	<select id="getPAFileNames" resultType="string">
		SELECT
			PA_ATTACH
		FROM
			OH_PHOTO_ATTACH
		WHERE
			PB_NO = #{param1}
	</select>	
	<!-- OHPhotoDeleteExecute -->	
	<delete id="ohPBDelete">
		DELETE FROM 
			OH_PHOTO_BOARD
		WHERE
			PB_NO = #{param1}
	</delete>	
</mapper>